{"cameraMode":{"drawMode":0,"name":"Shaded","section":"Shading Mode"},"sceneLighting":false,"audioPlay":false,"sceneViewState":{"m_AlwaysRefresh":false,"showFog":true,"showSkybox":false,"showFlares":true,"showImageEffects":true,"showParticleSystems":true,"showVisualEffectGraphs":true,"m_FxEnabled":true},"in2DMode":false,"pivot":{"x":-0.07396262884140015,"y":0.02745974063873291,"z":-0.014166057109832764},"rotation":{"x":0.3272971212863922,"y":-0.2666974663734436,"z":0.0968453586101532,"w":0.9013616442680359},"size":1.205245852470398,"orthographic":false}