{"cameraMode":{"drawMode":0,"name":"Shaded","section":"Shading Mode"},"sceneLighting":false,"audioPlay":false,"sceneViewState":{"m_AlwaysRefresh":false,"showFog":true,"showSkybox":false,"showFlares":true,"showImageEffects":true,"showParticleSystems":true,"showVisualEffectGraphs":true,"m_FxEnabled":true},"in2DMode":false,"pivot":{"x":-99.92872619628906,"y":4.880895614624023,"z":-51.48107147216797},"rotation":{"x":0.08540156483650208,"y":-0.011856252327561379,"z":0.0013024394866079093,"w":0.9964760541915894},"size":3.962080717086792,"orthographic":false}