{"cameraMode":{"drawMode":0,"name":"Shaded","section":"Shading Mode"},"sceneLighting":false,"audioPlay":false,"sceneViewState":{"m_AlwaysRefresh":false,"showFog":true,"showSkybox":false,"showFlares":true,"showImageEffects":true,"showParticleSystems":true,"showVisualEffectGraphs":true,"m_FxEnabled":true},"in2DMode":false,"pivot":{"x":2.9802322387695315e-8,"y":0.005382716655731201,"z":-0.06000000238418579},"rotation":{"x":-0.42963406443595889,"y":-0.1754128336906433,"z":0.08515603095293045,"w":-0.8818233609199524},"size":0.5398480892181397,"orthographic":false}